,top1,top5
0,0.05690786,0.5549638
1,0.05690786,0.5549638
