,top1,top5
0,0.5636153,0.74349475
1,0.5636153,0.74349475
