,top1,top5
0,0.52349275,0.5907406
1,0.52349275,0.5907406
