,ce_train,mse_train,ce_val,mse_val
0,3.079042434692383,4.533974262699303e-08,3.07243275642395,7.269485990946123e-08
1,3.1232059001922607,4.042428614070559e-08,3.0724856853485107,5.3909282371478184e-08
2,3.0976362228393555,5.2295675345703785e-08,3.1225459575653076,5.009143677625616e-08
3,3.238656520843506,9.897290453864116e-08,3.0792922973632812,6.813312580788988e-08
4,3.5444517135620117,8.228607129012744e-08,3.254669189453125,1.2874117771843885e-07
