,top1,top5
0,0.5246414,0.6304277
1,0.5246414,0.6304277
