,top1,top5
0,0.52349275,0.58603054
1,0.52349275,0.58603054
