,ce_train,mse_train,ce_val,mse_val
0,2.836947441101074,0.0005443458794616163,2.830960273742676,0.0005104737356305122
1,2.8632423877716064,0.0006003906601108611,2.830338954925537,0.0005506611196324229
2,2.8798415660858154,0.0007034055306576192,2.861936569213867,0.0006128714303486049
3,2.860884189605713,0.0009835743112489581,2.8716890811920166,0.0007252842769958079
4,2.944995880126953,0.001673753373324871,2.8488526344299316,0.001057943096384406
5,2.940378427505493,0.0015818988904356956,2.9531679153442383,0.0018043515738099813
6,3.5491225719451904,0.00104711321182549,2.916788101196289,0.0014200041769072413
