,top1_train,top1_val,top5_train,top5_val
0,0.5217734575271606,0.5234927535057068,0.5787188410758972,0.5907406210899353
1,0.5217734575271606,0.5234927535057068,0.5703059434890747,0.57696133852005
2,0.5217734575271606,0.5234927535057068,0.581019401550293,0.5760571360588074
3,0.5217734575271606,0.5234927535057068,0.558148205280304,0.5819669365882874
4,0.24478411674499512,0.5234927535057068,0.5531805157661438,0.5568723082542419
