,top1_train,top1_val,top5_train,top5_val
0,0.17387008666992188,0.5234927535057068,0.22541628777980804,0.5638397336006165
