,ce_train,mse_train,ce_val,mse_val
0,3.8380990028381348,0.0004448364779818803,3.146941661834717,0.0004351238894741982
