,top1,top5
0,0.5297959,0.6687973
1,0.5297959,0.6687973
