,top1,top5
0,0.53455704,0.69349873
1,0.53455704,0.69349873
